longitude,latitude,NAME,ADDRESS_MYENV
103.80036727142618,1.3069001323584224,Commonwealth Crescent Market,"31, Commonwealth Crescent, Singapore 149644"
103.83218154655142,1.2847855982150984,Tiong Bahru Market,"30, Seng Poh Road, Singapore 168898"
103.8638776,1.303141753061011,Golden Mile Food Centre,"505, Beach Road, Singapore 199583"
103.74592160246587,1.3971847191918951,Yew Tee Hawker Centre,
103.9018254078894,1.3094178879625105,Dunman Food Centre,"271, Onan Road, Singapore 424768"
103.8273538919747,1.2888308915646167,Beo Crescent Market,"38A, Beo Crescent, Singapore 169982"
103.83956972873328,1.3119155203922301,Newton Food Centre,"500, Clemenceau Ave North, Singapore 229495"
103.81416592401631,1.3241598522323794,Adam Road Food Centre,"2, Adam Road, Singapore 289876"
103.88401769942449,1.307343983274556,Kallang Estate Fresh Market and Food Centre,"17, Old Airport Road, Singapore 397972"
103.84257877119593,1.284858608203884,New Market Road Blk 32 (People's Park Food Centre),"Blk 32, New Market Road, Singapore 050032"
103.86390933661885,1.305634336272546,North Bridge Road Market,"861, North Bridge Road, Singapore 198783"
103.79487641992755,1.3110729744341822,Holland Village Market and Food Centre,"1, Lorong Mambong, Singapore 277700"
103.86652701707575,1.3642325250966993,Chomp Chomp Food Centre,"20, Kensington Park Road, Singapore 557269"
103.73773841154456,1.3434881852952274,Jurong East Street 24 Blk 254 (Yuhua Village Market and Food Centre),"Blk 254, Jurong East Street 24, Singapore 600254"
103.7184436782123,1.3496572915944292,Jurong West Street 52 Blk 505,"Blk 505, Jurong West Street 52, Singapore 640505"
103.91573703509026,1.3057297360038187,Marine Terrace Blk 50A (50A Marine Terrace),"Blk 50A, Marine Terrace, Singapore 441050"
103.90634383419179,1.3022965558595991,Marine Parade Central Blk 84 (84 Marine Parade Central Market and Food Centre),"Blk 84, Marine Parade Central, Singapore 440084"
103.80072071145584,1.4397495181298368,Kampung Admiralty Hawker Centre,"Blk 676, Woodlands Drive 71, Singapore 730676"
103.85000596089957,1.2839000647082708,Market Street Hawker Centre,
103.7770061037781,1.4434162431254685,Marsiling Lane Blk 20/21,"Blk 20/21, Marsiling Lane, Singapore 730020/730021"
103.7798818923625,1.4335431810333386,Marsiling Mall Hawker Centre,"Blk 4,Woodlands St 12,Singapore 738623"
103.80290387146337,1.2932362444197107,Mei Chin Road Blk 159 (Mei Chin Road Market),"Blk 159, Mei Chin Road, Singapore 140159"
103.93057030470072,1.324782370224249,New Upper Changi Road Blk 208B,"Blk 208B, New Upper Changi Road, Singapore 462208"
103.94112527731751,1.3242008730218346,New Upper Changi Road Blk 58,"Blk 58, New Upper Changi Road, Singapore 461058"
103.88580870625425,1.3082518466799975,Old Airport Road Blk 51 (51 Old Airport Road Food Centre and Shopping Mall),"Blk 51, Old Airport Road, Singapore 390051"
103.95157134251521,1.373472520364779,Pasir Ris Central Hawker Centre,"Blk 110, Pasir Ris Central, Singapore 519641"
103.85411577872539,1.3011020159948925,Queen Street Blk 270 (Albert Centre),"Blk 270, Queen Street, Singapore 180270"
103.81835209769348,1.2878431730128634,Redhill Lane Blk 79 (Redhill Market),"Blk 79, Redhill Lane, Singapore 150079"
103.81831119566189,1.2873075147506794,Redhill Lane Blk 85 (Redhill Food Centre),"Blk 85, Redhill Lane, Singapore 150085"
103.87930985514092,1.3170350238501258,Sims Place Blk 49 (Sims Vista Market and Food Centre),"Blk 49, Sims Place, Singapore 380049"
103.84323851850745,1.2822749608841026,Smith Street Blk 335 (Chinatown Complex Market),"Blk 335, Smith Street, Singapore 050335"
103.72158379761716,1.3347210666007077,Taman Jurong Market and Food Centre,"3, Yung Sheng Road, Singapore 618499"
103.94462942285355,1.3453734735523084,Tampines Street 11 Blk 137 (Tampines Round Market and Food Centre),"Blk 137, Tampines Street 11, Singapore 521137"
103.74274811937117,1.3208310935185843,Teban Gardens Road Blk 37A (Teban Gardens Market and Food Centre),"Blk 37A, Teban Garden Road, Singapore 601037"
103.80761812956985,1.2733559939051546,Telok Blangah Drive Blk 79 (Telok Blangah Food Centre),"Blk 79, Telok Blangah Drive, Singapore 100079"
103.80790033728778,1.2738907675844822,Telok Blangah Drive Blk 82 (Telok Blangah Market),"Blk 82, Telok Blangah Drive, Singapore 100082"
103.82236354225992,1.2727612859808173,Telok Blangah Rise Blk 36 (Telok Blangah Rise Market),"Blk 36, Telok Blangah Rise, Singapore 090036"
103.85200350902804,1.3345507486923793,Toa Payoh Lorong 4 Blk 74 (Toa Payoh Vista Market),"Blk 74, Lorong 4 Toa Payoh, Singapore 310074"
103.84473272633905,1.3381035143692974,Toa Payoh Lorong 1 Blk 127 (Toa Payoh West Market and Food Court),"Blk 127, Lorong 1 Toa Payoh, Singapore 310127"
103.81865152419587,1.2773681323059345,Telok Blangah Crescent Blk 11 (11 Telok Blangah Crescent Market and Food Centre),"Blk 11, Telok Blangah Crescent, Singapore 090011"
103.8431616772891,1.276613670144106,Tanjong Pagar Plaza Blk 6 (Blk 6 Tanjong Pagar Plaza Market and Food Centre),"Blk 6, Tanjong Pagar Plaza, Singapore 081006"
103.84951344899093,1.3384746963913283,Toa Payoh Lorong 4 Blk 93,"Blk 93, Lorong 4 Toa Payoh, Singapore 310093"
103.85700370906183,1.335382613078359,Toa Payoh Lorong 7 Blk 22 (Kim Keat Palm Market and Food Centre),"Blk 22, Lorong 7 Toa Payoh, Singapore 310022"
103.85295698796516,1.3360207676183897,Toa Payoh Lorong 5 Blk 75,"Blk 75, Lorong 5 Toa Payoh, Singapore 310075"
103.8369645086122,1.3520255700711772,Shunfu Road Blk 320 (Shunfu Mart),"Blk 320, Shunfu Road, Singapore 570320"
103.83915227449918,1.366800962194856,Ang Mo Kio Ave 1 Blk 226D (Kebun Baru Market and Food Centre),"Blk 226D, Ang Mo Kio Ave 1, Singapore 564226"
103.85528829790343,1.3626541076693122,Ang Mo Kio Ave 10 Blk 409 (Teck Ghee Square),"Blk 409, Ang Mo Kio Ave 10, Singapore 560409"
103.85636164972811,1.3682477885076516,Ang Mo Kio Ave 10 Blk 453A (Chong Boon Market and Food Centre),"Blk 453A, Ang Mo Kio Ave 10, Singapore 561453"
103.85445795532793,1.3727720934379934,Ang Mo Kio Ave 10 Blk 527 (Cheng San Market and Cooked Food Centre),"Blk 527, Ang Mo Kio Ave 10, Singapore 560527"
103.83917606128082,1.3745277374668692,Ang Mo Kio Ave 4 Blk 160/162 (Mayflower Market),"Blk 160/162, Ang Mo Kio Ave 4, Singapore 560160/560162"
103.8406280871954,1.3809876170167132,Ang Mo Kio Ave 4 Blk 628 (Ang Mo Kio 628 Market),"Blk 628, Ang Mo Kio Ave 4, Singapore 560628"
103.84651030979788,1.3721725853422009,Ang Mo Kio Ave 6 Blk 724 (Blk 724 Ang Mo Kio Market),"Blk 724, Ang Mo Kio Ave 6, Singapore 560724"
103.8400222235967,1.3671965379048148,Ang Mo Kio Street 22 Blk 226H (Kebun Baru Food Centre),"Blk 226H, Ang Mo Kio Street 22, Singapore 568226"
103.93321797031916,1.3270627418405785,Bedok North Street 1 Blk 216,"Blk 216, Bedok North Street 1, Singapore 460216"
103.93058152248236,1.3332199326945382,Bedok North Street 3 Blk 511 (Kaki Bukit 511 Market and Food Centre),"Blk 511, Bedok North Street 3, Singapore 460511"
103.92462131526736,1.3320672771423439,Bedok North Street 3 Blk 538,"Blk 538, Bedok North Street 3, Singapore 460538"
103.93876843904202,1.3320048242420148,Bedok North Street 4 Blk 85 (85 Fengshan Centre),"Blk 85, Bedok North Street 4, Singapore 460085"
103.91419083989796,1.332772792382345,Bedok Reservoir Road Blk 630,"Blk 630, Bedok Reservoir Road, Singapore 470630"
103.93547363751794,1.3205008376701182,Bedok South Road Blk 16,"Blk 16, Bedok South Road, Singapore 460016"
103.86302092286022,1.319216679,Bendemeer Road Blk 29 (Bendemeer Market and Food Centre),"Blk 29, Bendemeer Road, Singapore 330029"
103.8505855697116,1.3061866381546818,Buffalo Road Blk 665 (Tekka Centre/Zhu Jiao Market),"Blk 665, Buffalo Road, Singapore 210665"
103.71280068056076,1.3452240653958958,Boon Lay Place Blk 221A/B (Boon Lay Place Market and Food Village),"Blk 221A/B, Boon Lay Place, Singapore 641221/642221"
103.88702413972793,1.3206463677515854,Aljunied Ave 2 Blk 117 (Blk 117 Aljunied Market and Food Centre),"Blk 117, Aljunied Ave 2, Singapore 380117"
103.81707271810343,1.2836613955382454,Bukit Merah Central Blk 163 (Bukit Merah Central Food Centre),"Blk 163, Bukit Merah Central, Singapore 150163"
103.82182325630666,1.2855044556549065,Bukit Merah View Blk 115 (Blk 115 Bukit Merah View Market and Food Centre),"Blk 115, Bukit Merah View, Singapore 151115"
103.8044926373283,1.2863059431906378,Bukit Merah Lane 1 Blk 120 (Alexandra Village Food Centre),"Blk 120, Bukit Merah Lane, Singapore 150120"
103.85023293507001,1.3161312806032646,Cambridge Road Blk 41A (Pek Kio Market and Food Centre),"Blk 41A, Cambridge Road, Singapore 211041"
103.7724915268977,1.3775974234205033,Bukit Panjang Hawker Centre,"2 Bukit Panjang Ring Road, Singapore 679947"
103.98824524769368,1.3891516483342807,Changi Village Blk 2 and 3,"Blk 2/3, Changi Village Road, Singapore 500002/500003"
103.88710266901265,1.3278341461996204,Circuit Road Blk 80 (80 Circuit Road Market and Food Centre),"Blk 80, Circuit Road, Singapore 370080"
103.88505228554148,1.3265970669755378,Circuit Road Blk 79/79A,"Blk 79/79A, Circuit Road, Singapore 370079/371079"
103.88293193010286,1.3753225375634037,Ci Yuan Hawker Centre,"51 Hougang Avenue 9, Singapore 538776"
103.8854388424852,1.3235797144355712,Circuit Road Blk 89,"Blk 89, Circuit Road, Singapore 370089"
103.77080549454163,1.3143732849239704,Clementi Ave 2 Blk 353 (Clementi Ave 2 Market/Cooked Food Centre),"Blk 353, Clementi Ave 2, Singapore 120353"
103.76451719252249,1.3133196935787612,Clementi Ave 3 Blk 448,"Blk 448, Clementi Ave 3, Singapore 120448"
103.7642507,1.303810731977092,Clementi West Street 2 Blk 726,"Blk 726, Clementi West Street 2, Singapore 120726"
103.80563670047233,1.3162405292821697,Empress Road Blk 7 (Empress Road Market and Food Centre),"Blk 7, Empress Road, Singapore 260007"
103.90425647876752,1.3203312605225548,Eunos Crescent Blk 4A,"Blk 4A, Eunos Crescent, Singapore 402004"
103.87000501449864,1.321463110363858,Geylang Bahru Blk 69 (Blk 69 Geylang Bahru Market and Food Centre),"Blk 69, Geylang Bahru, Singapore 330069"
103.89822788513564,1.316736349282815,Geylang Serai Market,"1, Geylang Serai, Singapore 402001"
103.78823030670418,1.3109966321422568,Ghim Moh Road Blk 20,"Blk 20, Ghim Moh Road, Singapore 270020"
103.89558794497685,1.3151075206359577,Haig Road Blk 13/14 (Haig Road Market and Cooked Food Centre),"Blk 13/14, Haig Road, Singapore 430013/430014"
103.8296234138997,1.2879705166198658,Havelock Road Blk 22A/B (Havelock Road Cooked Food Centre),"Blk 22A/B, Havelock Road, Singapore 161022/162022"
103.7927737690562,1.3081177997946856,Holland Drive Blk 44 (Holland Drive Market and Food Centre),"Blk 44, Holland Drive, Singapore 270044"
103.94040813551574,1.3531335979472119,Hawker Centre @ Our Tampines Hub,"1 Tampines Walk, Singapore 528523"
103.88605536814947,1.3590838409319475,Hougang Street 21 Blk 209 (Kovan Hougang Market and Food Centre),"Blk 209, Hougang Street 21, Singapore 530209"
103.88390947410478,1.3023603479067136,Jalan Batu Blk 4A (Blk 4A Jalan Batu Hawker Centre/Market),"Blk 4A, Jalan Batu, Singapore 432004"
103.89013040811673,1.3540827392695727,Hougang Ave 1 Blk 105 (Hougang 105 Hainanese Village Centre),"Blk 105, Hougang Ave 1, Singapore 530105"
103.82601329649792,1.2800048011364626,Jalan Bukit Merah Blk 112 (Blk 112 Jalan Bukit Merah Market and Food Centre),"Blk 112, Jalan Bukit Merah, Singapore 160112"
103.8081312742836,1.2868829730421196,Jalan Bukit Merah Blk 6 (ABC Brickworks Market/Food Centre),"Blk 6, Jalan Bukit Merah, Singapore 150006"
103.83993416821488,1.2882310148481062,Jalan Kukoh Blk 1 (Kukoh 21 Food Centre),"Blk 1, Jalan Kukoh, Singapore 161001"
103.69724185257508,1.3412641038830853,Jurong West Hawker Centre,"Blk 50, Jurong West St 61, Singapore 648202"
103.73170383842115,1.3454169827607771,Jurong East Ave 1 Blk 347 (Yuhua Market and Hawker Centre),"Blk 347, Jurong East Ave 1, Singapore 600347"
103.85439575904685,1.3402610465757185,Toa Payoh Lorong 8 Blk 210,"Blk 210, Lorong 8 Toa Payoh, Singapore 310210"
103.87162041651013,1.3150284150824152,Upper Boon Keng Road Blk 17 (Blk 17 Upper Boon Keng Market and Food Centre),"Blk 17, Upper Boon Keng Road, Singapore 380017"
103.7591280191558,1.3119069571999333,West Coast Drive Blk 502 (Ayer Rajah Market),"Blk 502, West Coast Drive, Singapore 120502"
103.75975140548066,1.3118030896284905,West Coast Drive Blk 503 (Ayer Rajah Food Centre),"Blk 503, West Coast Drive, Singapore 120503"
103.84582428335005,1.285295079,Upper Cross Street Blk 531A (Hong Lim Food Centre and Market),"Blk 531A, Upper Cross Street, Singapore 051531"
103.85499618356134,1.323064938171913,Whampoa Drive Blk 90 (Whampoa Drive Makan Place/Whampoa Food Centre),"Blk 90, Whampoa Drive, Singapore 320090"
103.85406019787618,1.323428186962711,Whampoa Drive Blk 91/92 (Whampoa Drive Makan Place/Whampoa Market),"Blk 91/92, Whampoa Drive, Singapore 320091/320092"
103.84474752510276,1.4249878627577708,Yishun Park Hawker Centre,"Blk 51, Yishun Avenue 11, Singapore 768867"
103.82853767194467,1.4314477516178066,Yishun Ring Road Blk 104/105 (Chong Pang Market and Food Centre),"Blk 104/105, Yishun Ring Road, Singapore 760104/760105"
103.80469379769634,1.2974865589089906,Margaret Drive Hawker Centre,
103.88843734465244,1.3967931535173355,Anchorvale Village Hawker Centre,
103.87703907260794,1.3917220930377379,Fernvale Hawker Centre & Market,
103.90516945745766,1.4087476457286714,One Punggol Hawker Centre,
103.8227636322519,1.4482633636853246,Bukit Canberra Hawker Centre,
103.90854260132319,1.4145180096913892,Punggol Coast Hawker Centre,
103.76108397650307,1.387194004486905,Senja Hawker Centre,
103.89272100789816,1.3829816322433666,Buangkok Hawker Centre,
103.74207854445496,1.3554458319148786,Bukit Batok West Hawker Centre,
103.8720137732096,1.3397910139953648,Woodleigh Village Hawker Centre,
103.77521471399332,1.3407879159379656,Bukit Timah Interim Hawker Centre and Market,
103.84661927383159,1.2792312094873002,Amoy Street Food Centre (Telok Ayer Food Centre),"National Development Building, Annex B, Telok Ayer Street, Singapore 069111"
103.8084289682175,1.2732499271477487,Telok Blangah Hawker Centre & Market,
103.77633041443977,1.339236566,Bukit Timah Market,"51, Upper Bukit Timah Road, Singapore 588215"
103.9377763570609,1.3668484230579017,Tampines North Hawker Centre,
103.79803174152435,1.299651001320326,Tanglin Halt Hawker Centre & Market,
103.79141090894716,1.2759179745717486,Pasir Panjang Food Centre,"121, Pasir Panjang Road, Singapore 118543"
103.95547759902762,1.320350159875293,Bedok Food Centre,"1, Bedok Road, Singapore 469572"
103.8311890232012,1.2923422109888436,Zion Riverside Food Centre,"70, Zion Road, Singapore 247792"
103.8447472,1.2803314273259558,Maxwell Food Centre (Kim Hua Market),"1, Kadayanallur Street, Singapore 069184"
103.84824216615792,1.364107209,Ang Mo Kio Ave 1 Blk 341 (Teck Ghee Court),"Blk 341, Ang Mo Kio Ave 1, Singapore 560341"
103.93479973740149,1.3072610657579828,East Coast Lagoon Food Village,"1220, East Coast Parkway, Singapore 468960"
103.86672494953132,1.3630850108080914,Serangoon Garden Market,"49A, Serangoon Garden Way, Singapore 555945"
103.82901814509523,1.3723194930318616,Sembawang Hills Food Centre (Jalan Leban Food Centre),"590, Upper Thomson Road, Singapore 574419"
103.82901736490587,1.4308539599603998,Chong Pang Hawker Centre & Market,
103.79773798037208,1.3005440753273743,Tanglin Halt Market,"48A, Tanglin Halt Road, Singapore 148813"
103.85688878360739,1.307344109232522,Berseh Food Centre,"166, Jalan Besar, Singapore 208877"
